<?xml version = "1.0" encoding="Windows-1252" standalone="yes"?>
<VFPDataSet>
	<xsd:schema id="VFPDataSet" xmlns:xsd="http://www.w3.org/2001/XMLSchema" xmlns:msdata="urn:schemas-microsoft-com:xml-msdata">
		<xsd:element name="VFPDataSet" msdata:IsDataSet="true">
			<xsd:complexType>
				<xsd:choice maxOccurs="unbounded">
					<xsd:element name="InstallDef" minOccurs="0" maxOccurs="unbounded">
						<xsd:complexType>
							<xsd:sequence>
								<xsd:element name="version">
									<xsd:simpleType>
										<xsd:restriction base="xsd:decimal">
											<xsd:totalDigits value="3"></xsd:totalDigits>
											<xsd:fractionDigits value="0"></xsd:fractionDigits>
										</xsd:restriction>
									</xsd:simpleType>
								</xsd:element>
								<xsd:element name="updateall" type="xsd:boolean"></xsd:element>
								<xsd:element name="created" type="xsd:dateTime"></xsd:element>
							</xsd:sequence>
						</xsd:complexType>
					</xsd:element>
					<xsd:element name="TaskPaneUpdate" minOccurs="0" maxOccurs="unbounded">
						<xsd:complexType>
							<xsd:sequence>
								<xsd:element name="uniqueid">
									<xsd:simpleType>
										<xsd:restriction base="xsd:string">
											<xsd:maxLength value="25"></xsd:maxLength>
										</xsd:restriction>
									</xsd:simpleType>
								</xsd:element>
								<xsd:element name="vendorname">
									<xsd:simpleType>
										<xsd:restriction base="xsd:string">
											<xsd:maxLength value="20"></xsd:maxLength>
										</xsd:restriction>
									</xsd:simpleType>
								</xsd:element>
								<xsd:element name="panetype">
									<xsd:simpleType>
										<xsd:restriction base="xsd:string">
											<xsd:maxLength value="1"></xsd:maxLength>
										</xsd:restriction>
									</xsd:simpleType>
								</xsd:element>
								<xsd:element name="taskpane">
									<xsd:simpleType>
										<xsd:restriction base="xsd:string">
											<xsd:maxLength value="100"></xsd:maxLength>
										</xsd:restriction>
									</xsd:simpleType>
								</xsd:element>
								<xsd:element name="paneimage">
									<xsd:simpleType>
										<xsd:restriction base="xsd:string">
											<xsd:maxLength value="2147483647"></xsd:maxLength>
										</xsd:restriction>
									</xsd:simpleType>
								</xsd:element>
								<xsd:element name="classlib">
									<xsd:simpleType>
										<xsd:restriction base="xsd:string">
											<xsd:maxLength value="2147483647"></xsd:maxLength>
										</xsd:restriction>
									</xsd:simpleType>
								</xsd:element>
								<xsd:element name="classname">
									<xsd:simpleType>
										<xsd:restriction base="xsd:string">
											<xsd:maxLength value="2147483647"></xsd:maxLength>
										</xsd:restriction>
									</xsd:simpleType>
								</xsd:element>
								<xsd:element name="optionpage">
									<xsd:simpleType>
										<xsd:restriction base="xsd:string">
											<xsd:maxLength value="2147483647"></xsd:maxLength>
										</xsd:restriction>
									</xsd:simpleType>
								</xsd:element>
								<xsd:element name="helpfile">
									<xsd:simpleType>
										<xsd:restriction base="xsd:string">
											<xsd:maxLength value="2147483647"></xsd:maxLength>
										</xsd:restriction>
									</xsd:simpleType>
								</xsd:element>
								<xsd:element name="handler">
									<xsd:simpleType>
										<xsd:restriction base="xsd:string">
											<xsd:maxLength value="2147483647"></xsd:maxLength>
										</xsd:restriction>
									</xsd:simpleType>
								</xsd:element>
								<xsd:element name="user">
									<xsd:simpleType>
										<xsd:restriction base="xsd:string">
											<xsd:maxLength value="2147483647"></xsd:maxLength>
										</xsd:restriction>
									</xsd:simpleType>
								</xsd:element>
							</xsd:sequence>
						</xsd:complexType>
					</xsd:element>
					<xsd:element name="PaneContentUpdate" minOccurs="0" maxOccurs="unbounded">
						<xsd:complexType>
							<xsd:sequence>
								<xsd:element name="uniqueid">
									<xsd:simpleType>
										<xsd:restriction base="xsd:string">
											<xsd:maxLength value="25"></xsd:maxLength>
										</xsd:restriction>
									</xsd:simpleType>
								</xsd:element>
								<xsd:element name="infotype">
									<xsd:simpleType>
										<xsd:restriction base="xsd:string">
											<xsd:maxLength value="1"></xsd:maxLength>
										</xsd:restriction>
									</xsd:simpleType>
								</xsd:element>
								<xsd:element name="taskpaneid">
									<xsd:simpleType>
										<xsd:restriction base="xsd:string">
											<xsd:maxLength value="25"></xsd:maxLength>
										</xsd:restriction>
									</xsd:simpleType>
								</xsd:element>
								<xsd:element name="parentid">
									<xsd:simpleType>
										<xsd:restriction base="xsd:string">
											<xsd:maxLength value="25"></xsd:maxLength>
										</xsd:restriction>
									</xsd:simpleType>
								</xsd:element>
								<xsd:element name="content">
									<xsd:simpleType>
										<xsd:restriction base="xsd:string">
											<xsd:maxLength value="50"></xsd:maxLength>
										</xsd:restriction>
									</xsd:simpleType>
								</xsd:element>
								<xsd:element name="rendertype">
									<xsd:simpleType>
										<xsd:restriction base="xsd:string">
											<xsd:maxLength value="1"></xsd:maxLength>
										</xsd:restriction>
									</xsd:simpleType>
								</xsd:element>
								<xsd:element name="datasrc">
									<xsd:simpleType>
										<xsd:restriction base="xsd:string">
											<xsd:maxLength value="1"></xsd:maxLength>
										</xsd:restriction>
									</xsd:simpleType>
								</xsd:element>
								<xsd:element name="data">
									<xsd:simpleType>
										<xsd:restriction base="xsd:string">
											<xsd:maxLength value="2147483647"></xsd:maxLength>
										</xsd:restriction>
									</xsd:simpleType>
								</xsd:element>
								<xsd:element name="xformtype">
									<xsd:simpleType>
										<xsd:restriction base="xsd:string">
											<xsd:maxLength value="1"></xsd:maxLength>
										</xsd:restriction>
									</xsd:simpleType>
								</xsd:element>
								<xsd:element name="xformsrc">
									<xsd:simpleType>
										<xsd:restriction base="xsd:string">
											<xsd:maxLength value="1"></xsd:maxLength>
										</xsd:restriction>
									</xsd:simpleType>
								</xsd:element>
								<xsd:element name="xformdata">
									<xsd:simpleType>
										<xsd:restriction base="xsd:string">
											<xsd:maxLength value="2147483647"></xsd:maxLength>
										</xsd:restriction>
									</xsd:simpleType>
								</xsd:element>
								<xsd:element name="displayord" type="xsd:int"></xsd:element>
								<xsd:element name="localdata" type="xsd:boolean"></xsd:element>
								<xsd:element name="options">
									<xsd:simpleType>
										<xsd:restriction base="xsd:string">
											<xsd:maxLength value="2147483647"></xsd:maxLength>
										</xsd:restriction>
									</xsd:simpleType>
								</xsd:element>
								<xsd:element name="optionpage">
									<xsd:simpleType>
										<xsd:restriction base="xsd:string">
											<xsd:maxLength value="2147483647"></xsd:maxLength>
										</xsd:restriction>
									</xsd:simpleType>
								</xsd:element>
								<xsd:element name="refrshfreq" type="xsd:int"></xsd:element>
								<xsd:element name="handler">
									<xsd:simpleType>
										<xsd:restriction base="xsd:string">
											<xsd:maxLength value="2147483647"></xsd:maxLength>
										</xsd:restriction>
									</xsd:simpleType>
								</xsd:element>
								<xsd:element name="helpurl">
									<xsd:simpleType>
										<xsd:restriction base="xsd:string">
											<xsd:maxLength value="2147483647"></xsd:maxLength>
										</xsd:restriction>
									</xsd:simpleType>
								</xsd:element>
								<xsd:element name="helpfile">
									<xsd:simpleType>
										<xsd:restriction base="xsd:string">
											<xsd:maxLength value="2147483647"></xsd:maxLength>
										</xsd:restriction>
									</xsd:simpleType>
								</xsd:element>
								<xsd:element name="filedata">
									<xsd:simpleType>
										<xsd:restriction base="xsd:base64Binary">
											<xsd:maxLength value="2147483647"></xsd:maxLength>
										</xsd:restriction>
									</xsd:simpleType>
								</xsd:element>
								<xsd:element name="user">
									<xsd:simpleType>
										<xsd:restriction base="xsd:string">
											<xsd:maxLength value="2147483647"></xsd:maxLength>
										</xsd:restriction>
									</xsd:simpleType>
								</xsd:element>
							</xsd:sequence>
						</xsd:complexType>
					</xsd:element>
				</xsd:choice>
				<xsd:anyAttribute namespace="http://www.w3.org/XML/1998/namespace" processContents="lax"></xsd:anyAttribute>
			</xsd:complexType>
		</xsd:element>
	</xsd:schema>
	<InstallDef>
		<version>1</version>
		<updateall>true</updateall>
		<created>2005-05-18T10:37:02</created>
	</InstallDef>
	<TaskPaneUpdate>
		<uniqueid><![CDATA[AtoutFox.contrib]]></uniqueid>
		<vendorname><![CDATA[AtoutFox]]></vendorname>
		<panetype><![CDATA[W]]></panetype>
		<taskpane><![CDATA[\<AtoutFox]]></taskpane>
		<paneimage></paneimage>
		<classlib></classlib>
		<classname></classname>
		<optionpage></optionpage>
		<helpfile></helpfile>
		<handler></handler>
		<user></user>
	</TaskPaneUpdate>
	<PaneContentUpdate>
		<uniqueid><![CDATA[AtoutFox.contrib]]></uniqueid>
		<infotype><![CDATA[C]]></infotype>
		<taskpaneid><![CDATA[AtoutFox.contrib]]></taskpaneid>
		<parentid></parentid>
		<content><![CDATA[AtoutFox]]></content>
		<rendertype><![CDATA[W]]></rendertype>
		<datasrc><![CDATA[M]]></datasrc>
		<data><![CDATA[http://www.atoutfox.org/taskpane.asp]]></data>
		<xformtype></xformtype>
		<xformsrc></xformsrc>
		<xformdata></xformdata>
		<displayord>2</displayord>
		<localdata>true</localdata>
		<options></options>
		<optionpage></optionpage>
		<refrshfreq>-1</refrshfreq>
		<handler></handler>
		<helpurl></helpurl>
		<helpfile></helpfile>
		<filedata></filedata>
		<user></user>
	</PaneContentUpdate>
</VFPDataSet>
